date,v.name,v.score,h.name,h.score
10/30/12,Washington Wizards,84,Cleveland Cavaliers,94
10/30/12,Dallas Mavericks,99,Los Angeles Lakers,91
10/30/12,Boston Celtics,107,Miami Heat,120
10/31/12,Sacramento Kings,87,Chicago Bulls,93
10/31/12,Houston Rockets,105,Detroit Pistons,96
10/31/12,Memphis Grizzlies,92,Los Angeles Clippers,101
10/31/12,San Antonio Spurs,99,New Orleans Hornets,95
10/31/12,Denver Nuggets,75,Philadelphia 76ers,84
10/31/12,Golden State Warriors,87,Phoenix Suns,85
10/31/12,Los Angeles Lakers,106,Portland Trail Blazers,116
10/31/12,Indiana Pacers,90,Toronto Raptors,88
10/31/12,Dallas Mavericks,94,Utah Jazz,113
11/01/12,Oklahoma City Thunder,84,San Antonio Spurs,86
11/02/12,Houston Rockets,109,Atlanta Hawks,102
11/02/12,Milwaukee Bucks,99,Boston Celtics,88
11/02/12,Indiana Pacers,89,Charlotte Bobcats,90
11/02/12,Chicago Bulls,115,Cleveland Cavaliers,86
11/02/12,Memphis Grizzlies,104,Golden State Warriors,94
11/02/12,Los Angeles Clippers,105,Los Angeles Lakers,95
11/02/12,Sacramento Kings,80,Minnesota Timberwolves,92
11/02/12,Utah Jazz,86,New Orleans Hornets,88
11/02/12,Miami Heat,84,New York Knicks,104
11/02/12,Portland Trail Blazers,92,Oklahoma City Thunder,106
11/02/12,Denver Nuggets,89,Orlando Magic,102
11/02/12,Detroit Pistons,89,Phoenix Suns,92
11/03/12,Toronto Raptors,100,Brooklyn Nets,107
11/03/12,New Orleans Hornets,89,Chicago Bulls,82
11/03/12,Charlotte Bobcats,99,Dallas Mavericks,126
11/03/12,Portland Trail Blazers,95,Houston Rockets,85
11/03/12,Sacramento Kings,98,Indiana Pacers,106
11/03/12,Golden State Warriors,114,Los Angeles Clippers,110
11/03/12,Denver Nuggets,116,Miami Heat,119
11/03/12,Cleveland Cavaliers,102,Milwaukee Bucks,105
11/03/12,Utah Jazz,100,San Antonio Spurs,110
11/03/12,Boston Celtics,89,Washington Wizards,86
11/04/12,Detroit Pistons,79,Los Angeles Lakers,108
11/04/12,Philadelphia 76ers,84,New York Knicks,100
11/04/12,Atlanta Hawks,104,Oklahoma City Thunder,95
11/04/12,Phoenix Suns,94,Orlando Magic,115
11/04/12,Minnesota Timberwolves,86,Toronto Raptors,105
11/05/12,Minnesota Timberwolves,107,Brooklyn Nets,96
11/05/12,Portland Trail Blazers,91,Dallas Mavericks,114
11/05/12,Cleveland Cavaliers,108,Los Angeles Clippers,101
11/05/12,Utah Jazz,94,Memphis Grizzlies,103
11/05/12,Phoenix Suns,99,Miami Heat,124
11/05/12,New York Knicks,110,Philadelphia 76ers,88
11/05/12,Golden State Warriors,92,Sacramento Kings,94
11/05/12,Indiana Pacers,79,San Antonio Spurs,101
11/06/12,Orlando Magic,93,Chicago Bulls,99
11/06/12,Detroit Pistons,97,Denver Nuggets,109
11/06/12,Toronto Raptors,88,Oklahoma City Thunder,108
11/07/12,Indiana Pacers,86,Atlanta Hawks,89
11/07/12,Washington Wizards,94,Boston Celtics,100
11/07/12,Phoenix Suns,117,Charlotte Bobcats,110
11/07/12,Toronto Raptors,104,Dallas Mavericks,109
11/07/12,Cleveland Cavaliers,96,Golden State Warriors,106
11/07/12,Denver Nuggets,93,Houston Rockets,87
11/07/12,San Antonio Spurs,84,Los Angeles Clippers,106
11/07/12,Brooklyn Nets,73,Miami Heat,103
11/07/12,Memphis Grizzlies,108,Milwaukee Bucks,90
11/07/12,Orlando Magic,75,Minnesota Timberwolves,90
11/07/12,Philadelphia 76ers,77,New Orleans Hornets,62
11/07/12,Detroit Pistons,103,Sacramento Kings,105
11/07/12,Los Angeles Lakers,86,Utah Jazz,95
11/08/12,Oklahoma City Thunder,97,Chicago Bulls,91
11/08/12,Los Angeles Clippers,103,Portland Trail Blazers,90
11/09/12,Miami Heat,95,Atlanta Hawks,89
11/09/12,Philadelphia 76ers,106,Boston Celtics,100
11/09/12,Utah Jazz,84,Denver Nuggets,104
11/09/12,Golden State Warriors,77,Los Angeles Lakers,101
11/09/12,Houston Rockets,85,Memphis Grizzlies,93
11/09/12,Indiana Pacers,94,Minnesota Timberwolves,96
11/09/12,Charlotte Bobcats,99,New Orleans Hornets,107
11/09/12,Dallas Mavericks,94,New York Knicks,104
11/09/12,Detroit Pistons,94,Oklahoma City Thunder,105
11/09/12,Brooklyn Nets,107,Orlando Magic,68
11/09/12,Cleveland Cavaliers,105,Phoenix Suns,107
11/09/12,San Antonio Spurs,97,Sacramento Kings,86
11/09/12,Milwaukee Bucks,101,Washington Wizards,91
11/10/12,Dallas Mavericks,97,Charlotte Bobcats,101
11/10/12,Minnesota Timberwolves,80,Chicago Bulls,87
11/10/12,Denver Nuggets,107,Golden State Warriors,101
11/10/12,Detroit Pistons,82,Houston Rockets,96
11/10/12,Washington Wizards,85,Indiana Pacers,89
11/10/12,Boston Celtics,96,Milwaukee Bucks,92
11/10/12,San Antonio Spurs,112,Portland Trail Blazers,109
11/10/12,Philadelphia 76ers,93,Toronto Raptors,83
11/10/12,Phoenix Suns,81,Utah Jazz,94
11/11/12,Orlando Magic,74,Brooklyn Nets,82
11/11/12,Atlanta Hawks,76,Los Angeles Clippers,89
11/11/12,Sacramento Kings,90,Los Angeles Lakers,103
11/11/12,Miami Heat,86,Memphis Grizzlies,104
11/11/12,Cleveland Cavaliers,91,Oklahoma City Thunder,106
11/12/12,Boston Celtics,101,Chicago Bulls,95
11/12/12,Minnesota Timberwolves,90,Dallas Mavericks,82
11/12/12,Oklahoma City Thunder,92,Detroit Pistons,90
11/12/12,Miami Heat,113,Houston Rockets,110
11/12/12,Milwaukee Bucks,105,Philadelphia 76ers,96
11/12/12,Denver Nuggets,100,Phoenix Suns,110
11/12/12,Atlanta Hawks,95,Portland Trail Blazers,87
11/12/12,Utah Jazz,140,Toronto Raptors,133
11/13/12,Cleveland Cavaliers,101,Brooklyn Nets,114
11/13/12,Washington Wizards,76,Charlotte Bobcats,92
11/13/12,Toronto Raptors,74,Indiana Pacers,72
11/13/12,San Antonio Spurs,84,Los Angeles Lakers,82
11/13/12,New York Knicks,99,Orlando Magic,89
11/13/12,Portland Trail Blazers,103,Sacramento Kings,86
11/14/12,Utah Jazz,93,Boston Celtics,98
11/14/12,Washington Wizards,101,Dallas Mavericks,107
11/14/12,Atlanta Hawks,88,Golden State Warriors,92
11/14/12,New Orleans Hornets,96,Houston Rockets,100
11/14/12,Miami Heat,100,Los Angeles Clippers,107
11/14/12,Indiana Pacers,85,Milwaukee Bucks,99
11/14/12,Charlotte Bobcats,89,Minnesota Timberwolves,87
11/14/12,Memphis Grizzlies,107,Oklahoma City Thunder,97
11/14/12,Detroit Pistons,94,Philadelphia 76ers,76
11/14/12,Chicago Bulls,112,Phoenix Suns,106
11/15/12,Boston Celtics,97,Brooklyn Nets,102
11/15/12,Miami Heat,98,Denver Nuggets,93
11/15/12,New York Knicks,104,San Antonio Spurs,100
11/16/12,Orlando Magic,110,Detroit Pistons,106
11/16/12,Dallas Mavericks,83,Indiana Pacers,103
11/16/12,Phoenix Suns,102,Los Angeles Lakers,114
11/16/12,New York Knicks,95,Memphis Grizzlies,105
11/16/12,Golden State Warriors,106,Minnesota Timberwolves,98
11/16/12,Oklahoma City Thunder,110,New Orleans Hornets,95
11/16/12,Utah Jazz,93,Philadelphia 76ers,99
11/16/12,Houston Rockets,117,Portland Trail Blazers,119
11/16/12,Atlanta Hawks,112,Sacramento Kings,96
11/17/12,Toronto Raptors,89,Boston Celtics,107
11/17/12,Memphis Grizzlies,94,Charlotte Bobcats,87
11/17/12,Dallas Mavericks,103,Cleveland Cavaliers,95
11/17/12,Chicago Bulls,80,Los Angeles Clippers,101
11/17/12,New Orleans Hornets,113,Milwaukee Bucks,117
11/17/12,Miami Heat,97,Phoenix Suns,88
11/17/12,Denver Nuggets,100,San Antonio Spurs,126
11/17/12,Utah Jazz,83,Washington Wizards,76
11/18/12,Boston Celtics,83,Detroit Pistons,103
11/18/12,Houston Rockets,108,Los Angeles Lakers,119
11/18/12,Indiana Pacers,76,New York Knicks,88
11/18/12,Golden State Warriors,109,Oklahoma City Thunder,119
11/18/12,Cleveland Cavaliers,79,Philadelphia 76ers,86
11/18/12,Chicago Bulls,94,Portland Trail Blazers,102
11/18/12,Brooklyn Nets,99,Sacramento Kings,90
11/18/12,Orlando Magic,86,Toronto Raptors,97
11/19/12,Orlando Magic,72,Atlanta Hawks,81
11/19/12,Milwaukee Bucks,98,Charlotte Bobcats,102
11/19/12,Golden State Warriors,105,Dallas Mavericks,101
11/19/12,Denver Nuggets,97,Memphis Grizzlies,92
11/19/12,Los Angeles Clippers,92,San Antonio Spurs,87
11/19/12,Houston Rockets,91,Utah Jazz,102
11/19/12,Indiana Pacers,96,Washington Wizards,89
11/20/12,Brooklyn Nets,90,Los Angeles Lakers,95
11/20/12,New York Knicks,102,New Orleans Hornets,80
11/20/12,Toronto Raptors,98,Philadelphia 76ers,106
11/21/12,Washington Wizards,100,Atlanta Hawks,101
11/21/12,San Antonio Spurs,112,Boston Celtics,100
11/21/12,Toronto Raptors,97,Charlotte Bobcats,98
11/21/12,Philadelphia 76ers,83,Cleveland Cavaliers,92
11/21/12,New York Knicks,111,Dallas Mavericks,114
11/21/12,Brooklyn Nets,93,Golden State Warriors,102
11/21/12,Chicago Bulls,89,Houston Rockets,93
11/21/12,New Orleans Hornets,107,Indiana Pacers,115
11/21/12,Milwaukee Bucks,106,Miami Heat,113
11/21/12,Denver Nuggets,101,Minnesota Timberwolves,94
11/21/12,Los Angeles Clippers,111,Oklahoma City Thunder,117
11/21/12,Detroit Pistons,74,Orlando Magic,90
11/21/12,Portland Trail Blazers,87,Phoenix Suns,114
11/21/12,Los Angeles Lakers,97,Sacramento Kings,113
11/23/12,Oklahoma City Thunder,100,Boston Celtics,108
11/23/12,Los Angeles Clippers,76,Brooklyn Nets,86
11/23/12,Atlanta Hawks,101,Charlotte Bobcats,91
11/23/12,Golden State Warriors,91,Denver Nuggets,102
11/23/12,Toronto Raptors,90,Detroit Pistons,91
11/23/12,New York Knicks,103,Houston Rockets,131
11/23/12,San Antonio Spurs,104,Indiana Pacers,97
11/23/12,Los Angeles Lakers,98,Memphis Grizzlies,106
11/23/12,Cleveland Cavaliers,104,Orlando Magic,108
11/23/12,New Orleans Hornets,108,Phoenix Suns,111
11/23/12,Minnesota Timberwolves,95,Portland Trail Blazers,103
11/23/12,Sacramento Kings,102,Utah Jazz,104
11/24/12,Los Angeles Clippers,93,Atlanta Hawks,104
11/24/12,Los Angeles Lakers,115,Dallas Mavericks,89
11/24/12,Minnesota Timberwolves,85,Golden State Warriors,96
11/24/12,Cleveland Cavaliers,108,Miami Heat,110
11/24/12,Chicago Bulls,93,Milwaukee Bucks,86
11/24/12,Oklahoma City Thunder,116,Philadelphia 76ers,109
11/24/12,Utah Jazz,97,Sacramento Kings,108
11/24/12,Charlotte Bobcats,108,Washington Wizards,106
11/25/12,Portland Trail Blazers,85,Brooklyn Nets,98
11/25/12,New Orleans Hornets,84,Denver Nuggets,102
11/25/12,Detroit Pistons,100,New York Knicks,121
11/25/12,Boston Celtics,116,Orlando Magic,110
11/25/12,Phoenix Suns,101,Philadelphia 76ers,104
11/25/12,San Antonio Spurs,111,Toronto Raptors,106
11/26/12,New York Knicks,89,Brooklyn Nets,96
11/26/12,Milwaukee Bucks,93,Chicago Bulls,92
11/26/12,Portland Trail Blazers,101,Detroit Pistons,108
11/26/12,New Orleans Hornets,105,Los Angeles Clippers,98
11/26/12,Cleveland Cavaliers,78,Memphis Grizzlies,84
11/26/12,Charlotte Bobcats,69,Oklahoma City Thunder,114
11/26/12,Denver Nuggets,103,Utah Jazz,105
11/26/12,San Antonio Spurs,118,Washington Wizards,92
11/27/12,Phoenix Suns,91,Cleveland Cavaliers,78
11/27/12,Toronto Raptors,101,Houston Rockets,117
11/27/12,Indiana Pacers,79,Los Angeles Lakers,77
11/27/12,Dallas Mavericks,98,Philadelphia 76ers,100
11/27/12,Minnesota Timberwolves,97,Sacramento Kings,89
11/28/12,Charlotte Bobcats,91,Atlanta Hawks,94
11/28/12,Brooklyn Nets,95,Boston Celtics,83
11/28/12,Dallas Mavericks,78,Chicago Bulls,101
11/28/12,Phoenix Suns,77,Detroit Pistons,117
11/28/12,Minnesota Timberwolves,95,Los Angeles Clippers,101
11/28/12,Toronto Raptors,82,Memphis Grizzlies,103
11/28/12,New York Knicks,102,Milwaukee Bucks,88
11/28/12,Utah Jazz,96,New Orleans Hornets,84
11/28/12,Houston Rockets,98,Oklahoma City Thunder,120
11/28/12,San Antonio Spurs,110,Orlando Magic,89
11/28/12,Portland Trail Blazers,82,Washington Wizards,84
11/29/12,Denver Nuggets,105,Golden State Warriors,106
11/29/12,San Antonio Spurs,100,Miami Heat,105
11/30/12,Cleveland Cavaliers,113,Atlanta Hawks,111
11/30/12,Portland Trail Blazers,78,Boston Celtics,96
11/30/12,Philadelphia 76ers,104,Charlotte Bobcats,98
11/30/12,Denver Nuggets,103,Los Angeles Lakers,122
11/30/12,Detroit Pistons,78,Memphis Grizzlies,90
11/30/12,Milwaukee Bucks,85,Minnesota Timberwolves,95
11/30/12,Washington Wizards,87,New York Knicks,108
11/30/12,Utah Jazz,94,Oklahoma City Thunder,106
11/30/12,Brooklyn Nets,98,Orlando Magic,86
11/30/12,Indiana Pacers,97,Sacramento Kings,92
11/30/12,Phoenix Suns,97,Toronto Raptors,101
12/01/12,Philadelphia 76ers,88,Chicago Bulls,93
12/01/12,Portland Trail Blazers,118,Cleveland Cavaliers,117
12/01/12,Detroit Pistons,77,Dallas Mavericks,92
12/01/12,Indiana Pacers,92,Golden State Warriors,103
12/01/12,Utah Jazz,116,Houston Rockets,124
12/01/12,Sacramento Kings,81,Los Angeles Clippers,116
12/01/12,Brooklyn Nets,89,Miami Heat,102
12/01/12,Boston Celtics,88,Milwaukee Bucks,91
12/01/12,Oklahoma City Thunder,100,New Orleans Hornets,79
12/01/12,Memphis Grizzlies,95,San Antonio Spurs,99
12/02/12,Orlando Magic,113,Los Angeles Lakers,103
12/02/12,Phoenix Suns,99,New York Knicks,106
12/03/12,Portland Trail Blazers,118,Charlotte Bobcats,112
12/03/12,Toronto Raptors,110,Denver Nuggets,113
12/03/12,Cleveland Cavaliers,79,Detroit Pistons,89
12/03/12,Orlando Magic,102,Golden State Warriors,94
12/03/12,Milwaukee Bucks,81,New Orleans Hornets,102
12/03/12,Los Angeles Clippers,105,Utah Jazz,104
12/04/12,Oklahoma City Thunder,117,Brooklyn Nets,111
12/04/12,Indiana Pacers,80,Chicago Bulls,76
12/04/12,Los Angeles Lakers,105,Houston Rockets,107
12/04/12,Phoenix Suns,98,Memphis Grizzlies,108
12/04/12,Minnesota Timberwolves,105,Philadelphia 76ers,88
12/04/12,Miami Heat,101,Washington Wizards,105
12/05/12,Denver Nuggets,104,Atlanta Hawks,108
12/05/12,Minnesota Timberwolves,94,Boston Celtics,104
12/05/12,New York Knicks,100,Charlotte Bobcats,98
12/05/12,Chicago Bulls,95,Cleveland Cavaliers,85
12/05/12,Golden State Warriors,104,Detroit Pistons,97
12/05/12,Portland Trail Blazers,92,Indiana Pacers,99
12/05/12,Dallas Mavericks,90,Los Angeles Clippers,112
12/05/12,Los Angeles Lakers,103,New Orleans Hornets,87
12/05/12,Toronto Raptors,100,Sacramento Kings,107
12/05/12,Milwaukee Bucks,99,San Antonio Spurs,110
12/05/12,Orlando Magic,81,Utah Jazz,87
12/06/12,New York Knicks,112,Miami Heat,92
12/06/12,Dallas Mavericks,97,Phoenix Suns,94
12/07/12,Washington Wizards,95,Atlanta Hawks,104
12/07/12,Golden State Warriors,109,Brooklyn Nets,102
12/07/12,Chicago Bulls,108,Detroit Pistons,104
12/07/12,Denver Nuggets,92,Indiana Pacers,89
12/07/12,Charlotte Bobcats,93,Milwaukee Bucks,108
12/07/12,Cleveland Cavaliers,73,Minnesota Timberwolves,91
12/07/12,Memphis Grizzlies,96,New Orleans Hornets,89
12/07/12,Los Angeles Lakers,108,Oklahoma City Thunder,114
12/07/12,Boston Celtics,94,Philadelphia 76ers,95
12/07/12,Orlando Magic,82,Sacramento Kings,91
12/07/12,Houston Rockets,92,San Antonio Spurs,114
12/07/12,Toronto Raptors,99,Utah Jazz,131
12/08/12,Philadelphia 76ers,79,Boston Celtics,92
12/08/12,San Antonio Spurs,132,Charlotte Bobcats,102
12/08/12,New York Knicks,85,Chicago Bulls,93
12/08/12,Detroit Pistons,104,Cleveland Cavaliers,97
12/08/12,Dallas Mavericks,116,Houston Rockets,109
12/08/12,Phoenix Suns,99,Los Angeles Clippers,117
12/08/12,Atlanta Hawks,93,Memphis Grizzlies,83
12/08/12,New Orleans Hornets,90,Miami Heat,106
12/08/12,Sacramento Kings,99,Portland Trail Blazers,80
12/08/12,Golden State Warriors,101,Washington Wizards,97
12/09/12,Milwaukee Bucks,97,Brooklyn Nets,88
12/09/12,Toronto Raptors,83,Los Angeles Clippers,102
12/09/12,Utah Jazz,117,Los Angeles Lakers,110
12/09/12,Denver Nuggets,106,New York Knicks,112
12/09/12,Indiana Pacers,93,Oklahoma City Thunder,104
12/09/12,Orlando Magic,98,Phoenix Suns,90
12/10/12,Golden State Warriors,104,Charlotte Bobcats,96
12/10/12,Sacramento Kings,96,Dallas Mavericks,119
12/10/12,San Antonio Spurs,134,Houston Rockets,126
12/10/12,Atlanta Hawks,92,Miami Heat,101
12/10/12,Detroit Pistons,97,Philadelphia 76ers,104
12/10/12,Toronto Raptors,74,Portland Trail Blazers,92
12/11/12,New York Knicks,100,Brooklyn Nets,97
12/11/12,Los Angeles Clippers,94,Chicago Bulls,89
12/11/12,Los Angeles Lakers,94,Cleveland Cavaliers,100
12/11/12,Denver Nuggets,101,Detroit Pistons,94
12/11/12,Washington Wizards,77,New Orleans Hornets,70
12/12/12,Dallas Mavericks,115,Boston Celtics,117
12/12/12,Los Angeles Clippers,100,Charlotte Bobcats,94
12/12/12,Washington Wizards,93,Houston Rockets,99
12/12/12,Cleveland Cavaliers,81,Indiana Pacers,96
12/12/12,Golden State Warriors,97,Miami Heat,95
12/12/12,Sacramento Kings,85,Milwaukee Bucks,98
12/12/12,Denver Nuggets,105,Minnesota Timberwolves,108
12/12/12,New Orleans Hornets,88,Oklahoma City Thunder,92
12/12/12,Atlanta Hawks,86,Orlando Magic,80
12/12/12,Chicago Bulls,96,Philadelphia 76ers,89
12/12/12,Memphis Grizzlies,80,Phoenix Suns,82
12/12/12,Brooklyn Nets,94,Toronto Raptors,88
12/12/12,San Antonio Spurs,96,Utah Jazz,99
12/13/12,Charlotte Bobcats,90,Atlanta Hawks,113
12/13/12,Los Angeles Lakers,107,New York Knicks,116
12/13/12,San Antonio Spurs,90,Portland Trail Blazers,98
12/14/12,Detroit Pistons,105,Brooklyn Nets,107
12/14/12,Milwaukee Bucks,90,Cleveland Cavaliers,86
12/14/12,Memphis Grizzlies,94,Denver Nuggets,99
12/14/12,Boston Celtics,89,Houston Rockets,101
12/14/12,Philadelphia 76ers,85,Indiana Pacers,95
12/14/12,Minnesota Timberwolves,113,New Orleans Hornets,102
12/14/12,Sacramento Kings,103,Oklahoma City Thunder,113
12/14/12,Golden State Warriors,85,Orlando Magic,99
12/14/12,Utah Jazz,84,Phoenix Suns,99
12/14/12,Dallas Mavericks,74,Toronto Raptors,95
12/14/12,Los Angeles Lakers,102,Washington Wizards,96
12/15/12,Golden State Warriors,115,Atlanta Hawks,93
12/15/12,Orlando Magic,107,Charlotte Bobcats,98
12/15/12,Brooklyn Nets,82,Chicago Bulls,83
12/15/12,Indiana Pacers,88,Detroit Pistons,77
12/15/12,Washington Wizards,72,Miami Heat,102
12/15/12,Los Angeles Clippers,111,Milwaukee Bucks,85
12/15/12,Dallas Mavericks,106,Minnesota Timberwolves,114
12/15/12,Cleveland Cavaliers,102,New York Knicks,103
12/15/12,Boston Celtics,88,San Antonio Spurs,103
12/15/12,Memphis Grizzlies,99,Utah Jazz,86
12/16/12,Los Angeles Lakers,111,Philadelphia 76ers,98
12/16/12,New Orleans Hornets,94,Portland Trail Blazers,95
12/16/12,Denver Nuggets,122,Sacramento Kings,97
12/16/12,Houston Rockets,96,Toronto Raptors,103
12/17/12,Los Angeles Clippers,88,Detroit Pistons,76
12/17/12,Chicago Bulls,71,Memphis Grizzlies,80
12/17/12,Houston Rockets,109,New York Knicks,96
12/17/12,San Antonio Spurs,93,Oklahoma City Thunder,107
12/17/12,Minnesota Timberwolves,93,Orlando Magic,102
12/17/12,Sacramento Kings,90,Phoenix Suns,101
12/18/12,Utah Jazz,92,Brooklyn Nets,90
12/18/12,Boston Celtics,89,Chicago Bulls,100
12/18/12,Toronto Raptors,113,Cleveland Cavaliers,99
12/18/12,Philadelphia 76ers,100,Dallas Mavericks,107
12/18/12,San Antonio Spurs,106,Denver Nuggets,112
12/18/12,New Orleans Hornets,96,Golden State Warriors,103
12/18/12,Charlotte Bobcats,100,Los Angeles Lakers,101
12/18/12,Minnesota Timberwolves,92,Miami Heat,103
12/18/12,Indiana Pacers,93,Milwaukee Bucks,98
12/18/12,Atlanta Hawks,100,Washington Wizards,95
12/19/12,Oklahoma City Thunder,100,Atlanta Hawks,92
12/19/12,Cleveland Cavaliers,91,Boston Celtics,103
12/19/12,Philadelphia 76ers,103,Houston Rockets,125
12/19/12,Utah Jazz,84,Indiana Pacers,104
12/19/12,New Orleans Hornets,77,Los Angeles Clippers,93
12/19/12,Milwaukee Bucks,80,Memphis Grizzlies,90
12/19/12,Brooklyn Nets,86,New York Knicks,100
12/19/12,Washington Wizards,83,Orlando Magic,90
12/19/12,Charlotte Bobcats,104,Phoenix Suns,121
12/19/12,Golden State Warriors,127,Sacramento Kings,131
12/19/12,Detroit Pistons,91,Toronto Raptors,97
12/20/12,Miami Heat,110,Dallas Mavericks,95
12/20/12,Oklahoma City Thunder,93,Minnesota Timberwolves,99
12/20/12,Denver Nuggets,93,Portland Trail Blazers,101
12/21/12,Milwaukee Bucks,99,Boston Celtics,94
12/21/12,Indiana Pacers,99,Cleveland Cavaliers,89
12/21/12,Washington Wizards,68,Detroit Pistons,100
12/21/12,Charlotte Bobcats,100,Golden State Warriors,115
12/21/12,Sacramento Kings,85,Los Angeles Clippers,97
12/21/12,Dallas Mavericks,82,Memphis Grizzlies,92
12/21/12,Chicago Bulls,110,New York Knicks,106
12/21/12,Atlanta Hawks,80,Philadelphia 76ers,99
12/21/12,New Orleans Hornets,94,San Antonio Spurs,99
12/21/12,Orlando Magic,90,Toronto Raptors,93
12/22/12,Chicago Bulls,75,Atlanta Hawks,92
12/22/12,Charlotte Bobcats,88,Denver Nuggets,110
12/22/12,Los Angeles Lakers,118,Golden State Warriors,115
12/22/12,Memphis Grizzlies,96,Houston Rockets,121
12/22/12,Utah Jazz,89,Miami Heat,105
12/22/12,Cleveland Cavaliers,94,Milwaukee Bucks,82
12/22/12,Indiana Pacers,81,New Orleans Hornets,75
12/22/12,Phoenix Suns,93,Portland Trail Blazers,96
12/22/12,Detroit Pistons,96,Washington Wizards,87
12/23/12,Philadelphia 76ers,92,Brooklyn Nets,95
12/23/12,Minnesota Timberwolves,91,New York Knicks,94
12/23/12,Utah Jazz,97,Orlando Magic,93
12/23/12,Los Angeles Clippers,103,Phoenix Suns,77
12/23/12,Portland Trail Blazers,96,Sacramento Kings,108
12/23/12,Dallas Mavericks,91,San Antonio Spurs,129
12/25/12,Boston Celtics,93,Brooklyn Nets,76
12/25/12,Houston Rockets,120,Chicago Bulls,97
12/25/12,Denver Nuggets,100,Los Angeles Clippers,112
12/25/12,New York Knicks,94,Los Angeles Lakers,100
12/25/12,Oklahoma City Thunder,97,Miami Heat,103
12/26/12,Detroit Pistons,119,Atlanta Hawks,126
12/26/12,Miami Heat,105,Charlotte Bobcats,92
12/26/12,Los Angeles Lakers,114,Denver Nuggets,126
12/26/12,Philadelphia 76ers,99,Memphis Grizzlies,89
12/26/12,Brooklyn Nets,93,Milwaukee Bucks,108
12/26/12,Houston Rockets,87,Minnesota Timberwolves,84
12/26/12,New Orleans Hornets,97,Orlando Magic,94
12/26/12,New York Knicks,99,Phoenix Suns,97
12/26/12,Sacramento Kings,91,Portland Trail Blazers,109
12/26/12,Toronto Raptors,80,San Antonio Spurs,100
12/26/12,Golden State Warriors,94,Utah Jazz,83
12/26/12,Cleveland Cavaliers,87,Washington Wizards,84
12/27/12,Boston Celtics,77,Los Angeles Clippers,106
12/27/12,Dallas Mavericks,105,Oklahoma City Thunder,111
12/28/12,Charlotte Bobcats,81,Brooklyn Nets,97
12/28/12,Atlanta Hawks,102,Cleveland Cavaliers,94
12/28/12,Denver Nuggets,106,Dallas Mavericks,85
12/28/12,Miami Heat,99,Detroit Pistons,109
12/28/12,Philadelphia 76ers,89,Golden State Warriors,96
12/28/12,Phoenix Suns,91,Indiana Pacers,97
12/28/12,Portland Trail Blazers,87,Los Angeles Lakers,104
12/28/12,Toronto Raptors,104,New Orleans Hornets,97
12/28/12,New York Knicks,105,Sacramento Kings,106
12/28/12,Houston Rockets,116,San Antonio Spurs,122
12/28/12,Los Angeles Clippers,116,Utah Jazz,114
12/28/12,Orlando Magic,97,Washington Wizards,105
12/29/12,Indiana Pacers,100,Atlanta Hawks,109
12/29/12,Cleveland Cavaliers,100,Brooklyn Nets,103
12/29/12,New Orleans Hornets,98,Charlotte Bobcats,95
12/29/12,Washington Wizards,77,Chicago Bulls,87
12/29/12,Boston Celtics,83,Golden State Warriors,101
12/29/12,Oklahoma City Thunder,124,Houston Rockets,94
12/29/12,Denver Nuggets,72,Memphis Grizzlies,81
12/29/12,Miami Heat,85,Milwaukee Bucks,104
12/29/12,Phoenix Suns,107,Minnesota Timberwolves,111
12/29/12,Toronto Raptors,123,Orlando Magic,88
12/29/12,Philadelphia 76ers,85,Portland Trail Blazers,89
12/30/12,San Antonio Spurs,111,Dallas Mavericks,86
12/30/12,Milwaukee Bucks,94,Detroit Pistons,96
12/30/12,Utah Jazz,96,Los Angeles Clippers,107
12/30/12,Boston Celtics,96,Sacramento Kings,118
12/31/12,Charlotte Bobcats,91,Chicago Bulls,81
12/31/12,Atlanta Hawks,104,Houston Rockets,123
12/31/12,Memphis Grizzlies,83,Indiana Pacers,88
12/31/12,Phoenix Suns,96,Oklahoma City Thunder,114
12/31/12,Miami Heat,112,Orlando Magic,110
12/31/12,Brooklyn Nets,73,San Antonio Spurs,104
01/01/13,Los Angeles Clippers,78,Denver Nuggets,92
01/01/13,Sacramento Kings,97,Detroit Pistons,103
01/01/13,Philadelphia 76ers,103,Los Angeles Lakers,99
01/01/13,Atlanta Hawks,95,New Orleans Hornets,86
01/01/13,Portland Trail Blazers,105,New York Knicks,100
01/01/13,Dallas Mavericks,103,Washington Wizards,94
01/02/13,Memphis Grizzlies,93,Boston Celtics,83
01/02/13,Sacramento Kings,97,Cleveland Cavaliers,94
01/02/13,Los Angeles Clippers,94,Golden State Warriors,115
01/02/13,New Orleans Hornets,92,Houston Rockets,104
01/02/13,Washington Wizards,81,Indiana Pacers,89
01/02/13,Dallas Mavericks,109,Miami Heat,119
01/02/13,San Antonio Spurs,117,Milwaukee Bucks,110
01/02/13,Brooklyn Nets,110,Oklahoma City Thunder,93
01/02/13,Chicago Bulls,96,Orlando Magic,94
01/02/13,Philadelphia 76ers,89,Phoenix Suns,95
01/02/13,Portland Trail Blazers,79,Toronto Raptors,102
01/02/13,Minnesota Timberwolves,84,Utah Jazz,106
01/03/13,Minnesota Timberwolves,101,Denver Nuggets,97
01/03/13,San Antonio Spurs,83,New York Knicks,100
01/04/13,Indiana Pacers,75,Boston Celtics,94
01/04/13,Cleveland Cavaliers,106,Charlotte Bobcats,104
01/04/13,Atlanta Hawks,84,Detroit Pistons,85
01/04/13,Los Angeles Lakers,102,Los Angeles Clippers,107
01/04/13,Portland Trail Blazers,86,Memphis Grizzlies,84
01/04/13,Chicago Bulls,96,Miami Heat,89
01/04/13,Houston Rockets,115,Milwaukee Bucks,101
01/04/13,Philadelphia 76ers,85,Oklahoma City Thunder,109
01/04/13,Utah Jazz,87,Phoenix Suns,80
01/04/13,Sacramento Kings,105,Toronto Raptors,96
01/04/13,Brooklyn Nets,115,Washington Wizards,113
01/05/13,Boston Celtics,89,Atlanta Hawks,81
01/05/13,Sacramento Kings,93,Brooklyn Nets,113
01/05/13,Houston Rockets,112,Cleveland Cavaliers,104
01/05/13,New Orleans Hornets,99,Dallas Mavericks,96
01/05/13,Utah Jazz,91,Denver Nuggets,110
01/05/13,Milwaukee Bucks,80,Indiana Pacers,95
01/05/13,Golden State Warriors,89,Los Angeles Clippers,115
01/05/13,Portland Trail Blazers,102,Minnesota Timberwolves,97
01/05/13,New York Knicks,114,Orlando Magic,106
01/05/13,Philadelphia 76ers,86,San Antonio Spurs,109
01/06/13,Charlotte Bobcats,108,Detroit Pistons,101
01/06/13,Denver Nuggets,112,Los Angeles Lakers,105
01/06/13,Washington Wizards,71,Miami Heat,99
01/06/13,Memphis Grizzlies,92,Phoenix Suns,81
01/06/13,Oklahoma City Thunder,104,Toronto Raptors,92
01/07/13,Cleveland Cavaliers,92,Chicago Bulls,118
01/07/13,San Antonio Spurs,88,New Orleans Hornets,95
01/07/13,Boston Celtics,102,New York Knicks,96
01/07/13,Orlando Magic,119,Portland Trail Blazers,125
01/07/13,Memphis Grizzlies,113,Sacramento Kings,81
01/07/13,Dallas Mavericks,94,Utah Jazz,100
01/07/13,Oklahoma City Thunder,99,Washington Wizards,101
01/08/13,Los Angeles Lakers,112,Houston Rockets,125
01/08/13,Miami Heat,77,Indiana Pacers,87
01/08/13,Phoenix Suns,99,Milwaukee Bucks,108
01/08/13,Atlanta Hawks,103,Minnesota Timberwolves,108
01/08/13,Brooklyn Nets,109,Philadelphia 76ers,89
01/09/13,Phoenix Suns,79,Boston Celtics,87
01/09/13,Utah Jazz,112,Charlotte Bobcats,102
01/09/13,Milwaukee Bucks,104,Chicago Bulls,96
01/09/13,Atlanta Hawks,83,Cleveland Cavaliers,99
01/09/13,Orlando Magic,105,Denver Nuggets,108
01/09/13,Memphis Grizzlies,94,Golden State Warriors,87
01/09/13,Dallas Mavericks,93,Los Angeles Clippers,99
01/09/13,Houston Rockets,79,New Orleans Hornets,88
01/09/13,Minnesota Timberwolves,84,Oklahoma City Thunder,106
01/09/13,Los Angeles Lakers,105,San Antonio Spurs,108
01/09/13,Philadelphia 76ers,72,Toronto Raptors,90
01/10/13,New York Knicks,76,Indiana Pacers,81
01/10/13,Miami Heat,90,Portland Trail Blazers,92
01/10/13,Dallas Mavericks,117,Sacramento Kings,112
01/11/13,Utah Jazz,95,Atlanta Hawks,103
01/11/13,Houston Rockets,91,Boston Celtics,103
01/11/13,Phoenix Suns,79,Brooklyn Nets,99
01/11/13,Cleveland Cavaliers,91,Denver Nuggets,98
01/11/13,Portland Trail Blazers,97,Golden State Warriors,103
01/11/13,Oklahoma City Thunder,116,Los Angeles Lakers,101
01/11/13,San Antonio Spurs,98,Memphis Grizzlies,101
01/11/13,Detroit Pistons,103,Milwaukee Bucks,87
01/11/13,Minnesota Timberwolves,92,New Orleans Hornets,104
01/11/13,Chicago Bulls,108,New York Knicks,101
01/11/13,Charlotte Bobcats,78,Toronto Raptors,99
01/12/13,Phoenix Suns,97,Chicago Bulls,81
01/12/13,Memphis Grizzlies,83,Dallas Mavericks,104
01/12/13,Utah Jazz,90,Detroit Pistons,87
01/12/13,Charlotte Bobcats,88,Indiana Pacers,96
01/12/13,Orlando Magic,104,Los Angeles Clippers,101
01/12/13,Houston Rockets,100,Philadelphia 76ers,107
01/12/13,Miami Heat,128,Sacramento Kings,99
01/12/13,Atlanta Hawks,83,Washington Wizards,93
01/13/13,Indiana Pacers,86,Brooklyn Nets,97
01/13/13,Golden State Warriors,105,Denver Nuggets,116
01/13/13,Cleveland Cavaliers,93,Los Angeles Lakers,113
01/13/13,New Orleans Hornets,87,New York Knicks,100
01/13/13,Oklahoma City Thunder,87,Portland Trail Blazers,83
01/13/13,Minnesota Timberwolves,88,San Antonio Spurs,106
01/13/13,Milwaukee Bucks,107,Toronto Raptors,96
01/14/13,Charlotte Bobcats,89,Boston Celtics,100
01/14/13,Atlanta Hawks,58,Chicago Bulls,97
01/14/13,Minnesota Timberwolves,98,Dallas Mavericks,113
01/14/13,Los Angeles Clippers,99,Memphis Grizzlies,73
01/14/13,Oklahoma City Thunder,102,Phoenix Suns,90
01/14/13,Cleveland Cavaliers,118,Sacramento Kings,124
01/14/13,Miami Heat,97,Utah Jazz,104
01/14/13,Orlando Magic,91,Washington Wizards,120
01/15/13,Toronto Raptors,106,Brooklyn Nets,113
01/15/13,Indiana Pacers,103,Charlotte Bobcats,76
01/15/13,Portland Trail Blazers,111,Denver Nuggets,115
01/15/13,Los Angeles Clippers,117,Houston Rockets,109
01/15/13,Milwaukee Bucks,88,Los Angeles Lakers,104
01/15/13,New Orleans Hornets,111,Philadelphia 76ers,99
01/16/13,Brooklyn Nets,95,Atlanta Hawks,109
01/16/13,New Orleans Hornets,90,Boston Celtics,78
01/16/13,Houston Rockets,100,Dallas Mavericks,105
01/16/13,Miami Heat,92,Golden State Warriors,75
01/16/13,Denver Nuggets,97,Oklahoma City Thunder,117
01/16/13,Indiana Pacers,86,Orlando Magic,97
01/16/13,Cleveland Cavaliers,93,Portland Trail Blazers,88
01/16/13,Washington Wizards,94,Sacramento Kings,95
01/16/13,Memphis Grizzlies,82,San Antonio Spurs,103
01/16/13,Chicago Bulls,107,Toronto Raptors,105
01/17/13,New York Knicks,102,Detroit Pistons,87
01/17/13,Miami Heat,99,Los Angeles Lakers,90
01/17/13,Los Angeles Clippers,90,Minnesota Timberwolves,77
01/17/13,Milwaukee Bucks,98,Phoenix Suns,94
01/18/13,Chicago Bulls,100,Boston Celtics,99
01/18/13,Atlanta Hawks,89,Brooklyn Nets,94
01/18/13,Oklahoma City Thunder,117,Dallas Mavericks,114
01/18/13,Washington Wizards,112,Denver Nuggets,108
01/18/13,Houston Rockets,95,Indiana Pacers,105
01/18/13,Sacramento Kings,69,Memphis Grizzlies,85
01/18/13,Charlotte Bobcats,106,Orlando Magic,100
01/18/13,Toronto Raptors,101,Philadelphia 76ers,108
01/18/13,Golden State Warriors,88,San Antonio Spurs,95
01/19/13,San Antonio Spurs,98,Atlanta Hawks,93
01/19/13,Sacramento Kings,97,Charlotte Bobcats,93
01/19/13,Memphis Grizzlies,85,Chicago Bulls,82
01/19/13,Washington Wizards,87,Los Angeles Clippers,94
01/19/13,Houston Rockets,79,Minnesota Timberwolves,92
01/19/13,Golden State Warriors,116,New Orleans Hornets,112
01/19/13,Milwaukee Bucks,110,Portland Trail Blazers,104
01/19/13,Cleveland Cavaliers,98,Utah Jazz,109
01/20/13,Oklahoma City Thunder,118,Denver Nuggets,121
01/20/13,Boston Celtics,88,Detroit Pistons,103
01/20/13,Dallas Mavericks,111,Orlando Magic,105
01/20/13,Los Angeles Lakers,103,Toronto Raptors,108
01/21/13,Minnesota Timberwolves,96,Atlanta Hawks,104
01/21/13,Houston Rockets,100,Charlotte Bobcats,94
01/21/13,Los Angeles Lakers,83,Chicago Bulls,95
01/21/13,Los Angeles Clippers,99,Golden State Warriors,106
01/21/13,Indiana Pacers,82,Memphis Grizzlies,81
01/21/13,Sacramento Kings,105,New Orleans Hornets,114
01/21/13,Brooklyn Nets,88,New York Knicks,85
01/21/13,San Antonio Spurs,90,Philadelphia 76ers,85
01/21/13,Washington Wizards,98,Portland Trail Blazers,95
01/22/13,Boston Celtics,90,Cleveland Cavaliers,95
01/22/13,Orlando Magic,90,Detroit Pistons,105
01/22/13,Oklahoma City Thunder,109,Los Angeles Clippers,97
01/22/13,Philadelphia 76ers,102,Milwaukee Bucks,110
01/23/13,Atlanta Hawks,104,Charlotte Bobcats,92
01/23/13,Detroit Pistons,82,Chicago Bulls,85
01/23/13,Oklahoma City Thunder,99,Golden State Warriors,104
01/23/13,Denver Nuggets,105,Houston Rockets,95
01/23/13,Los Angeles Lakers,93,Memphis Grizzlies,106
01/23/13,Toronto Raptors,116,Miami Heat,123
01/23/13,Brooklyn Nets,91,Minnesota Timberwolves,83
01/23/13,Indiana Pacers,80,Portland Trail Blazers,100
01/23/13,Phoenix Suns,106,Sacramento Kings,96
01/23/13,New Orleans Hornets,102,San Antonio Spurs,106
01/23/13,Washington Wizards,88,Utah Jazz,92
01/24/13,New York Knicks,89,Boston Celtics,86
01/24/13,Toronto Raptors,97,Orlando Magic,95
01/24/13,Los Angeles Clippers,88,Phoenix Suns,93
01/25/13,Boston Celtics,111,Atlanta Hawks,123
01/25/13,Golden State Warriors,87,Chicago Bulls,103
01/25/13,Milwaukee Bucks,108,Cleveland Cavaliers,113
01/25/13,San Antonio Spurs,113,Dallas Mavericks,107
01/25/13,Utah Jazz,84,Los Angeles Lakers,102
01/25/13,Brooklyn Nets,77,Memphis Grizzlies,101
01/25/13,Detroit Pistons,88,Miami Heat,110
01/25/13,Houston Rockets,100,New Orleans Hornets,82
01/25/13,Oklahoma City Thunder,105,Sacramento Kings,95
01/25/13,Minnesota Timberwolves,101,Washington Wizards,114
01/26/13,Minnesota Timberwolves,101,Charlotte Bobcats,102
01/26/13,Sacramento Kings,93,Denver Nuggets,121
01/26/13,Brooklyn Nets,106,Houston Rockets,119
01/26/13,Golden State Warriors,102,Milwaukee Bucks,109
01/26/13,New York Knicks,80,Philadelphia 76ers,97
01/26/13,Los Angeles Clippers,100,Portland Trail Blazers,101
01/26/13,Phoenix Suns,99,San Antonio Spurs,108
01/26/13,Cleveland Cavaliers,99,Toronto Raptors,98
01/26/13,Indiana Pacers,110,Utah Jazz,114
01/26/13,Chicago Bulls,73,Washington Wizards,86
01/27/13,Miami Heat,98,Boston Celtics,100
01/27/13,Phoenix Suns,95,Dallas Mavericks,110
01/27/13,Portland Trail Blazers,83,Los Angeles Clippers,96
01/27/13,Oklahoma City Thunder,96,Los Angeles Lakers,105
01/27/13,New Orleans Hornets,91,Memphis Grizzlies,83
01/27/13,Atlanta Hawks,104,New York Knicks,106
01/27/13,Detroit Pistons,104,Orlando Magic,102
01/28/13,Orlando Magic,77,Brooklyn Nets,97
01/28/13,Charlotte Bobcats,85,Chicago Bulls,93
01/28/13,Indiana Pacers,101,Denver Nuggets,102
01/28/13,Memphis Grizzlies,103,Philadelphia 76ers,100
01/28/13,Golden State Warriors,114,Toronto Raptors,102
01/28/13,Houston Rockets,125,Utah Jazz,80
01/28/13,Sacramento Kings,96,Washington Wizards,94
01/29/13,Golden State Warriors,108,Cleveland Cavaliers,95
01/29/13,Milwaukee Bucks,117,Detroit Pistons,90
01/29/13,New Orleans Hornets,106,Los Angeles Lakers,111
01/29/13,Dallas Mavericks,104,Portland Trail Blazers,106
01/30/13,Toronto Raptors,92,Atlanta Hawks,93
01/30/13,Sacramento Kings,81,Boston Celtics,99
01/30/13,Miami Heat,105,Brooklyn Nets,85
01/30/13,Houston Rockets,110,Denver Nuggets,118
01/30/13,Detroit Pistons,79,Indiana Pacers,98
01/30/13,Chicago Bulls,104,Milwaukee Bucks,88
01/30/13,Los Angeles Clippers,96,Minnesota Timberwolves,90
01/30/13,Orlando Magic,97,New York Knicks,113
01/30/13,Washington Wizards,84,Philadelphia 76ers,92
01/30/13,Los Angeles Lakers,86,Phoenix Suns,92
01/30/13,Charlotte Bobcats,78,San Antonio Spurs,102
01/30/13,New Orleans Hornets,99,Utah Jazz,104
01/31/13,Dallas Mavericks,97,Golden State Warriors,100
01/31/13,Memphis Grizzlies,89,Oklahoma City Thunder,106
02/01/13,Orlando Magic,84,Boston Celtics,97
02/01/13,Chicago Bulls,89,Brooklyn Nets,93
02/01/13,New Orleans Hornets,98,Denver Nuggets,113
02/01/13,Cleveland Cavaliers,99,Detroit Pistons,117
02/01/13,Miami Heat,89,Indiana Pacers,102
02/01/13,Washington Wizards,76,Memphis Grizzlies,85
02/01/13,Los Angeles Lakers,111,Minnesota Timberwolves,100
02/01/13,Milwaukee Bucks,86,New York Knicks,96
02/01/13,Sacramento Kings,80,Philadelphia 76ers,89
02/01/13,Dallas Mavericks,109,Phoenix Suns,99
02/01/13,Los Angeles Clippers,73,Toronto Raptors,98
02/01/13,Portland Trail Blazers,77,Utah Jazz,86
02/02/13,Chicago Bulls,93,Atlanta Hawks,76
02/02/13,Oklahoma City Thunder,110,Cleveland Cavaliers,115
02/02/13,Phoenix Suns,93,Golden State Warriors,113
02/02/13,Charlotte Bobcats,95,Houston Rockets,109
02/02/13,Orlando Magic,98,Milwaukee Bucks,107
02/02/13,New Orleans Hornets,86,Minnesota Timberwolves,115
02/02/13,Sacramento Kings,81,New York Knicks,120
02/02/13,Utah Jazz,99,Portland Trail Blazers,105
02/02/13,Washington Wizards,86,San Antonio Spurs,96
02/03/13,Los Angeles Clippers,104,Boston Celtics,106
02/03/13,Los Angeles Lakers,98,Detroit Pistons,97
02/03/13,Miami Heat,100,Toronto Raptors,85
02/04/13,Chicago Bulls,101,Indiana Pacers,111
02/04/13,Charlotte Bobcats,94,Miami Heat,99
02/04/13,Portland Trail Blazers,100,Minnesota Timberwolves,98
02/04/13,Detroit Pistons,85,New York Knicks,99
02/04/13,Dallas Mavericks,91,Oklahoma City Thunder,112
02/04/13,Orlando Magic,61,Philadelphia 76ers,78
02/04/13,Sacramento Kings,91,Utah Jazz,98
02/04/13,Los Angeles Clippers,90,Washington Wizards,98
02/05/13,Los Angeles Lakers,92,Brooklyn Nets,83
02/05/13,Milwaukee Bucks,104,Denver Nuggets,112
02/05/13,Golden State Warriors,109,Houston Rockets,140
02/05/13,Atlanta Hawks,103,Indiana Pacers,114
02/05/13,Phoenix Suns,96,Memphis Grizzlies,90
02/06/13,Memphis Grizzlies,92,Atlanta Hawks,103
02/06/13,Charlotte Bobcats,95,Cleveland Cavaliers,122
02/06/13,Portland Trail Blazers,99,Dallas Mavericks,105
02/06/13,Brooklyn Nets,93,Detroit Pistons,90
02/06/13,Houston Rockets,108,Miami Heat,114
02/06/13,San Antonio Spurs,104,Minnesota Timberwolves,94
02/06/13,Phoenix Suns,84,New Orleans Hornets,93
02/06/13,Golden State Warriors,98,Oklahoma City Thunder,119
02/06/13,Los Angeles Clippers,86,Orlando Magic,76
02/06/13,Indiana Pacers,88,Philadelphia 76ers,69
02/06/13,Boston Celtics,99,Toronto Raptors,95
02/06/13,Milwaukee Bucks,86,Utah Jazz,100
02/06/13,New York Knicks,96,Washington Wizards,106
02/07/13,Los Angeles Lakers,95,Boston Celtics,116
02/07/13,Chicago Bulls,96,Denver Nuggets,128
02/08/13,New Orleans Hornets,111,Atlanta Hawks,100
02/08/13,Los Angeles Lakers,100,Charlotte Bobcats,93
02/08/13,Orlando Magic,108,Cleveland Cavaliers,119
02/08/13,San Antonio Spurs,109,Detroit Pistons,119
02/08/13,Portland Trail Blazers,103,Houston Rockets,118
02/08/13,Toronto Raptors,100,Indiana Pacers,98
02/08/13,Golden State Warriors,93,Memphis Grizzlies,99
02/08/13,Los Angeles Clippers,89,Miami Heat,111
02/08/13,New York Knicks,100,Minnesota Timberwolves,94
02/08/13,Phoenix Suns,96,Oklahoma City Thunder,127
02/08/13,Chicago Bulls,93,Utah Jazz,89
02/08/13,Brooklyn Nets,74,Washington Wizards,89
02/09/13,Denver Nuggets,111,Cleveland Cavaliers,103
02/09/13,Golden State Warriors,91,Dallas Mavericks,116
02/09/13,Detroit Pistons,105,Milwaukee Bucks,100
02/09/13,Charlotte Bobcats,76,Philadelphia 76ers,87
02/09/13,Utah Jazz,109,Sacramento Kings,120
02/10/13,Denver Nuggets,114,Boston Celtics,118
02/10/13,San Antonio Spurs,111,Brooklyn Nets,86
02/10/13,Minnesota Timberwolves,88,Memphis Grizzlies,105
02/10/13,Los Angeles Lakers,97,Miami Heat,107
02/10/13,Los Angeles Clippers,102,New York Knicks,88
02/10/13,Portland Trail Blazers,104,Orlando Magic,110
02/10/13,Oklahoma City Thunder,97,Phoenix Suns,69
02/10/13,Houston Rockets,111,Sacramento Kings,117
02/10/13,New Orleans Hornets,89,Toronto Raptors,102
02/11/13,Boston Celtics,91,Charlotte Bobcats,94
02/11/13,San Antonio Spurs,103,Chicago Bulls,89
02/11/13,Minnesota Timberwolves,100,Cleveland Cavaliers,92
02/11/13,Atlanta Hawks,105,Dallas Mavericks,101
02/11/13,New Orleans Hornets,105,Detroit Pistons,86
02/11/13,Brooklyn Nets,89,Indiana Pacers,84
02/11/13,Washington Wizards,102,Milwaukee Bucks,90
02/11/13,Los Angeles Clippers,107,Philadelphia 76ers,90
02/12/13,Houston Rockets,116,Golden State Warriors,107
02/12/13,Phoenix Suns,85,Los Angeles Lakers,91
02/12/13,Sacramento Kings,101,Memphis Grizzlies,108
02/12/13,Portland Trail Blazers,104,Miami Heat,117
02/12/13,Denver Nuggets,108,Toronto Raptors,109
02/12/13,Oklahoma City Thunder,94,Utah Jazz,109
02/13/13,Chicago Bulls,69,Boston Celtics,71
02/13/13,Denver Nuggets,108,Brooklyn Nets,119
02/13/13,San Antonio Spurs,96,Cleveland Cavaliers,95
02/13/13,Sacramento Kings,100,Dallas Mavericks,123
02/13/13,Washington Wizards,85,Detroit Pistons,96
02/13/13,Charlotte Bobcats,77,Indiana Pacers,101
02/13/13,Houston Rockets,96,Los Angeles Clippers,106
02/13/13,Philadelphia 76ers,92,Milwaukee Bucks,94
02/13/13,Utah Jazz,97,Minnesota Timberwolves,93
02/13/13,Portland Trail Blazers,63,New Orleans Hornets,99
02/13/13,Toronto Raptors,92,New York Knicks,88
02/13/13,Atlanta Hawks,108,Orlando Magic,76
02/14/13,Los Angeles Clippers,125,Los Angeles Lakers,101
02/14/13,Miami Heat,110,Oklahoma City Thunder,100
02/19/13,Milwaukee Bucks,111,Brooklyn Nets,113
02/19/13,Boston Celtics,90,Denver Nuggets,97
02/19/13,Memphis Grizzlies,105,Detroit Pistons,91
02/19/13,Chicago Bulls,96,New Orleans Hornets,87
02/19/13,Charlotte Bobcats,105,Orlando Magic,92
02/19/13,Phoenix Suns,102,Portland Trail Blazers,98
02/19/13,San Antonio Spurs,108,Sacramento Kings,102
02/19/13,Golden State Warriors,101,Utah Jazz,115
02/19/13,Toronto Raptors,96,Washington Wizards,88
02/20/13,Miami Heat,103,Atlanta Hawks,90
02/20/13,Detroit Pistons,105,Charlotte Bobcats,99
02/20/13,New Orleans Hornets,100,Cleveland Cavaliers,105
02/20/13,Orlando Magic,96,Dallas Mavericks,111
02/20/13,Phoenix Suns,98,Golden State Warriors,108
02/20/13,Oklahoma City Thunder,119,Houston Rockets,122
02/20/13,New York Knicks,91,Indiana Pacers,125
02/20/13,Boston Celtics,99,Los Angeles Lakers,113
02/20/13,Brooklyn Nets,97,Milwaukee Bucks,94
02/20/13,Philadelphia 76ers,87,Minnesota Timberwolves,94
02/20/13,Memphis Grizzlies,88,Toronto Raptors,82
02/21/13,Miami Heat,86,Chicago Bulls,67
02/21/13,San Antonio Spurs,116,Los Angeles Clippers,90
02/22/13,Sacramento Kings,108,Atlanta Hawks,122
02/22/13,Houston Rockets,106,Brooklyn Nets,96
02/22/13,Chicago Bulls,105,Charlotte Bobcats,75
02/22/13,San Antonio Spurs,101,Golden State Warriors,107
02/22/13,Detroit Pistons,82,Indiana Pacers,114
02/22/13,Portland Trail Blazers,107,Los Angeles Lakers,111
02/22/13,Orlando Magic,82,Memphis Grizzlies,88
02/22/13,Dallas Mavericks,104,New Orleans Hornets,100
02/22/13,Minnesota Timberwolves,111,Oklahoma City Thunder,127
02/22/13,Boston Celtics,113,Phoenix Suns,88
02/22/13,New York Knicks,98,Toronto Raptors,100
02/22/13,Denver Nuggets,113,Washington Wizards,119
02/23/13,Denver Nuggets,113,Charlotte Bobcats,99
02/23/13,Indiana Pacers,90,Detroit Pistons,72
02/23/13,Utah Jazz,94,Los Angeles Clippers,107
02/23/13,Atlanta Hawks,103,Milwaukee Bucks,102
02/23/13,Cleveland Cavaliers,118,Orlando Magic,94
02/23/13,Miami Heat,114,Philadelphia 76ers,90
02/23/13,Houston Rockets,103,Washington Wizards,105
02/24/13,Memphis Grizzlies,76,Brooklyn Nets,72
02/24/13,Los Angeles Lakers,103,Dallas Mavericks,99
02/24/13,Cleveland Cavaliers,105,Miami Heat,109
02/24/13,Golden State Warriors,100,Minnesota Timberwolves,99
02/24/13,Sacramento Kings,95,New Orleans Hornets,110
02/24/13,Philadelphia 76ers,93,New York Knicks,99
02/24/13,Chicago Bulls,72,Oklahoma City Thunder,102
02/24/13,San Antonio Spurs,97,Phoenix Suns,87
02/24/13,Boston Celtics,86,Portland Trail Blazers,92
02/25/13,Los Angeles Lakers,108,Denver Nuggets,119
02/25/13,Atlanta Hawks,114,Detroit Pistons,103
02/25/13,Washington Wizards,90,Toronto Raptors,84
02/25/13,Boston Celtics,110,Utah Jazz,107
02/26/13,Cleveland Cavaliers,101,Chicago Bulls,98
02/26/13,Milwaukee Bucks,95,Dallas Mavericks,90
02/26/13,Golden State Warriors,97,Indiana Pacers,108
02/26/13,Charlotte Bobcats,84,Los Angeles Clippers,106
02/26/13,Sacramento Kings,129,Miami Heat,141
02/26/13,Brooklyn Nets,101,New Orleans Hornets,97
02/26/13,Orlando Magic,98,Philadelphia 76ers,84
02/26/13,Minnesota Timberwolves,83,Phoenix Suns,84
02/27/13,Toronto Raptors,92,Cleveland Cavaliers,103
02/27/13,Milwaukee Bucks,110,Houston Rockets,107
02/27/13,Dallas Mavericks,84,Memphis Grizzlies,90
02/27/13,Golden State Warriors,105,New York Knicks,109
02/27/13,New Orleans Hornets,74,Oklahoma City Thunder,119
02/27/13,Sacramento Kings,125,Orlando Magic,101
02/27/13,Denver Nuggets,111,Portland Trail Blazers,109
02/27/13,Phoenix Suns,105,San Antonio Spurs,101
02/27/13,Atlanta Hawks,102,Utah Jazz,91
02/27/13,Detroit Pistons,96,Washington Wizards,95
02/28/13,Philadelphia 76ers,82,Chicago Bulls,93
02/28/13,Los Angeles Clippers,99,Indiana Pacers,91
02/28/13,Minnesota Timberwolves,94,Los Angeles Lakers,116
03/01/13,Golden State Warriors,86,Boston Celtics,94
03/01/13,Dallas Mavericks,98,Brooklyn Nets,90
03/01/13,Los Angeles Clippers,105,Cleveland Cavaliers,89
03/01/13,Oklahoma City Thunder,103,Denver Nuggets,105
03/01/13,Memphis Grizzlies,91,Miami Heat,98
03/01/13,Detroit Pistons,95,New Orleans Hornets,100
03/01/13,Houston Rockets,118,Orlando Magic,110
03/01/13,Atlanta Hawks,87,Phoenix Suns,92
03/01/13,Sacramento Kings,102,San Antonio Spurs,130
03/01/13,Indiana Pacers,93,Toronto Raptors,81
03/01/13,Charlotte Bobcats,68,Utah Jazz,98
03/01/13,New York Knicks,96,Washington Wizards,88
03/02/13,Brooklyn Nets,85,Chicago Bulls,96
03/02/13,Toronto Raptors,114,Milwaukee Bucks,122
03/02/13,Golden State Warriors,97,Philadelphia 76ers,104
03/02/13,Minnesota Timberwolves,94,Portland Trail Blazers,109
03/03/13,Dallas Mavericks,103,Houston Rockets,136
03/03/13,Chicago Bulls,92,Indiana Pacers,97
03/03/13,Oklahoma City Thunder,108,Los Angeles Clippers,104
03/03/13,Atlanta Hawks,98,Los Angeles Lakers,99
03/03/13,Miami Heat,99,New York Knicks,93
03/03/13,Memphis Grizzlies,108,Orlando Magic,82
03/03/13,Charlotte Bobcats,83,Sacramento Kings,119
03/03/13,Detroit Pistons,75,San Antonio Spurs,114
03/03/13,Philadelphia 76ers,87,Washington Wizards,90
03/04/13,New York Knicks,102,Cleveland Cavaliers,97
03/04/13,Atlanta Hawks,88,Denver Nuggets,104
03/04/13,Toronto Raptors,118,Golden State Warriors,125
03/04/13,Utah Jazz,108,Milwaukee Bucks,109
03/04/13,Miami Heat,97,Minnesota Timberwolves,81
03/04/13,Orlando Magic,105,New Orleans Hornets,102
03/04/13,Charlotte Bobcats,105,Portland Trail Blazers,122
03/05/13,Los Angeles Lakers,105,Oklahoma City Thunder,122
03/05/13,Boston Celtics,109,Philadelphia 76ers,101
03/05/13,Denver Nuggets,120,Sacramento Kings,113
03/06/13,Philadelphia 76ers,96,Atlanta Hawks,107
03/06/13,Brooklyn Nets,99,Charlotte Bobcats,78
03/06/13,Utah Jazz,101,Cleveland Cavaliers,104
03/06/13,Houston Rockets,108,Dallas Mavericks,112
03/06/13,New York Knicks,87,Detroit Pistons,77
03/06/13,Sacramento Kings,83,Golden State Warriors,87
03/06/13,Boston Celtics,83,Indiana Pacers,81
03/06/13,Milwaukee Bucks,101,Los Angeles Clippers,117
03/06/13,Portland Trail Blazers,85,Memphis Grizzlies,91
03/06/13,Orlando Magic,96,Miami Heat,97
03/06/13,Washington Wizards,82,Minnesota Timberwolves,87
03/06/13,Los Angeles Lakers,108,New Orleans Hornets,102
03/06/13,Toronto Raptors,98,Phoenix Suns,71
03/06/13,Chicago Bulls,83,San Antonio Spurs,101
03/07/13,Los Angeles Clippers,92,Denver Nuggets,107
03/07/13,Oklahoma City Thunder,95,New York Knicks,94
03/08/13,Atlanta Hawks,102,Boston Celtics,107
03/08/13,Washington Wizards,78,Brooklyn Nets,95
03/08/13,Oklahoma City Thunder,116,Charlotte Bobcats,94
03/08/13,Utah Jazz,88,Chicago Bulls,89
03/08/13,Memphis Grizzlies,103,Cleveland Cavaliers,92
03/08/13,Dallas Mavericks,102,Detroit Pistons,99
03/08/13,Houston Rockets,94,Golden State Warriors,88
03/08/13,Toronto Raptors,116,Los Angeles Lakers,118
03/08/13,Philadelphia 76ers,93,Miami Heat,102
03/08/13,Indiana Pacers,115,Orlando Magic,86
03/08/13,Phoenix Suns,112,Sacramento Kings,121
03/08/13,Portland Trail Blazers,136,San Antonio Spurs,106
03/09/13,Brooklyn Nets,93,Atlanta Hawks,80
03/09/13,Minnesota Timberwolves,88,Denver Nuggets,111
03/09/13,Milwaukee Bucks,103,Golden State Warriors,93
03/09/13,New Orleans Hornets,85,Memphis Grizzlies,96
03/09/13,Utah Jazz,84,New York Knicks,113
03/09/13,Houston Rockets,105,Phoenix Suns,107
03/09/13,Charlotte Bobcats,87,Washington Wizards,104
03/10/13,Detroit Pistons,97,Los Angeles Clippers,129
03/10/13,Chicago Bulls,81,Los Angeles Lakers,90
03/10/13,Indiana Pacers,91,Miami Heat,105
03/10/13,Dallas Mavericks,100,Minnesota Timberwolves,77
03/10/13,Portland Trail Blazers,96,New Orleans Hornets,98
03/10/13,Boston Celtics,79,Oklahoma City Thunder,91
03/10/13,Philadelphia 76ers,91,Orlando Magic,99
03/10/13,Milwaukee Bucks,115,Sacramento Kings,113
03/10/13,Cleveland Cavaliers,96,Toronto Raptors,100
03/11/13,New York Knicks,63,Golden State Warriors,92
03/11/13,Brooklyn Nets,97,Philadelphia 76ers,106
03/11/13,Denver Nuggets,108,Phoenix Suns,93
03/11/13,Oklahoma City Thunder,93,San Antonio Spurs,105
03/11/13,Detroit Pistons,90,Utah Jazz,103
03/12/13,New Orleans Hornets,98,Brooklyn Nets,108
03/12/13,Boston Celtics,74,Charlotte Bobcats,100
03/12/13,Washington Wizards,90,Cleveland Cavaliers,95
03/12/13,Atlanta Hawks,81,Miami Heat,98
03/12/13,Dallas Mavericks,115,Milwaukee Bucks,108
03/12/13,San Antonio Spurs,83,Minnesota Timberwolves,107
03/12/13,Los Angeles Lakers,106,Orlando Magic,97
03/12/13,Memphis Grizzlies,102,Portland Trail Blazers,97
03/13/13,Los Angeles Lakers,92,Atlanta Hawks,96
03/13/13,Toronto Raptors,88,Boston Celtics,112
03/13/13,New York Knicks,94,Denver Nuggets,117
03/13/13,Detroit Pistons,97,Golden State Warriors,105
03/13/13,Phoenix Suns,81,Houston Rockets,111
03/13/13,Minnesota Timberwolves,91,Indiana Pacers,107
03/13/13,Memphis Grizzlies,96,Los Angeles Clippers,85
03/13/13,Utah Jazz,87,Oklahoma City Thunder,110
03/13/13,Miami Heat,98,Philadelphia 76ers,94
03/13/13,Chicago Bulls,79,Sacramento Kings,121
03/13/13,Milwaukee Bucks,93,Washington Wizards,106
03/14/13,New York Knicks,90,Portland Trail Blazers,105
03/14/13,Dallas Mavericks,91,San Antonio Spurs,92
03/15/13,Phoenix Suns,94,Atlanta Hawks,107
03/15/13,Cleveland Cavaliers,86,Dallas Mavericks,96
03/15/13,Memphis Grizzlies,80,Denver Nuggets,87
03/15/13,Chicago Bulls,113,Golden State Warriors,95
03/15/13,Minnesota Timberwolves,100,Houston Rockets,108
03/15/13,Los Angeles Lakers,99,Indiana Pacers,93
03/15/13,Miami Heat,107,Milwaukee Bucks,94
03/15/13,Orlando Magic,104,Oklahoma City Thunder,117
03/15/13,Charlotte Bobcats,78,Toronto Raptors,92
03/15/13,New Orleans Hornets,87,Washington Wizards,96
03/16/13,Charlotte Bobcats,88,Boston Celtics,105
03/16/13,Indiana Pacers,91,Philadelphia 76ers,98
03/16/13,Detroit Pistons,101,Portland Trail Blazers,112
03/16/13,Cleveland Cavaliers,113,San Antonio Spurs,119
03/16/13,Memphis Grizzlies,84,Utah Jazz,90
03/16/13,Phoenix Suns,105,Washington Wizards,127
03/17/13,Atlanta Hawks,105,Brooklyn Nets,93
03/17/13,Oklahoma City Thunder,107,Dallas Mavericks,101
03/17/13,Golden State Warriors,108,Houston Rockets,78
03/17/13,New York Knicks,80,Los Angeles Clippers,93
03/17/13,Sacramento Kings,102,Los Angeles Lakers,113
03/17/13,Orlando Magic,109,Milwaukee Bucks,115
03/17/13,New Orleans Hornets,95,Minnesota Timberwolves,97
03/17/13,Miami Heat,108,Toronto Raptors,91
03/18/13,Dallas Mavericks,127,Atlanta Hawks,113
03/18/13,Miami Heat,105,Boston Celtics,103
03/18/13,Washington Wizards,114,Charlotte Bobcats,119
03/18/13,Denver Nuggets,119,Chicago Bulls,118
03/18/13,Indiana Pacers,111,Cleveland Cavaliers,90
03/18/13,Brooklyn Nets,119,Detroit Pistons,82
03/18/13,Minnesota Timberwolves,77,Memphis Grizzlies,92
03/18/13,Golden State Warriors,93,New Orleans Hornets,72
03/18/13,Portland Trail Blazers,100,Philadelphia 76ers,101
03/18/13,Los Angeles Lakers,76,Phoenix Suns,99
03/18/13,New York Knicks,90,Utah Jazz,83
03/19/13,Orlando Magic,73,Indiana Pacers,95
03/19/13,Portland Trail Blazers,95,Milwaukee Bucks,102
03/19/13,Denver Nuggets,114,Oklahoma City Thunder,104
03/19/13,Los Angeles Clippers,101,Sacramento Kings,116
03/20/13,Milwaukee Bucks,90,Atlanta Hawks,98
03/20/13,Toronto Raptors,101,Charlotte Bobcats,107
03/20/13,Miami Heat,98,Cleveland Cavaliers,95
03/20/13,Brooklyn Nets,113,Dallas Mavericks,96
03/20/13,Utah Jazz,93,Houston Rockets,100
03/20/13,Philadelphia 76ers,72,Los Angeles Clippers,101
03/20/13,Oklahoma City Thunder,89,Memphis Grizzlies,90
03/20/13,Boston Celtics,86,New Orleans Hornets,87
03/20/13,Orlando Magic,94,New York Knicks,106
03/20/13,Washington Wizards,88,Phoenix Suns,79
03/20/13,Golden State Warriors,93,San Antonio Spurs,104
03/21/13,Portland Trail Blazers,99,Chicago Bulls,89
03/21/13,Philadelphia 76ers,100,Denver Nuggets,101
03/21/13,Minnesota Timberwolves,98,Sacramento Kings,101
03/22/13,Portland Trail Blazers,104,Atlanta Hawks,93
03/22/13,Boston Celtics,94,Dallas Mavericks,104
03/22/13,Cleveland Cavaliers,78,Houston Rockets,116
03/22/13,Milwaukee Bucks,78,Indiana Pacers,102
03/22/13,Washington Wizards,103,Los Angeles Lakers,100
03/22/13,Detroit Pistons,89,Miami Heat,103
03/22/13,Memphis Grizzlies,83,New Orleans Hornets,90
03/22/13,Oklahoma City Thunder,97,Orlando Magic,89
03/22/13,Minnesota Timberwolves,117,Phoenix Suns,86
03/22/13,Utah Jazz,97,San Antonio Spurs,104
03/22/13,New York Knicks,99,Toronto Raptors,94
03/23/13,Detroit Pistons,92,Charlotte Bobcats,91
03/23/13,Indiana Pacers,84,Chicago Bulls,87
03/23/13,Sacramento Kings,95,Denver Nuggets,101
03/23/13,Washington Wizards,92,Golden State Warriors,101
03/23/13,Brooklyn Nets,95,Los Angeles Clippers,101
03/23/13,Boston Celtics,106,Memphis Grizzlies,110
03/23/13,Toronto Raptors,84,New York Knicks,110
03/24/13,Utah Jazz,108,Dallas Mavericks,113
03/24/13,San Antonio Spurs,95,Houston Rockets,96
03/24/13,Charlotte Bobcats,77,Miami Heat,109
03/24/13,Atlanta Hawks,104,Milwaukee Bucks,99
03/24/13,Chicago Bulls,104,Minnesota Timberwolves,97
03/24/13,Portland Trail Blazers,83,Oklahoma City Thunder,103
03/24/13,Brooklyn Nets,102,Phoenix Suns,100
03/24/13,Philadelphia 76ers,117,Sacramento Kings,103
03/25/13,Los Angeles Lakers,103,Golden State Warriors,109
03/25/13,Atlanta Hawks,94,Indiana Pacers,100
03/25/13,Denver Nuggets,86,New Orleans Hornets,110
03/25/13,Miami Heat,108,Orlando Magic,94
03/25/13,Philadelphia 76ers,91,Utah Jazz,107
03/25/13,Memphis Grizzlies,94,Washington Wizards,107
03/26/13,New York Knicks,100,Boston Celtics,85
03/26/13,Los Angeles Clippers,102,Dallas Mavericks,109
03/26/13,Minnesota Timberwolves,105,Detroit Pistons,82
03/27/13,Orlando Magic,108,Charlotte Bobcats,114
03/27/13,Miami Heat,97,Chicago Bulls,101
03/27/13,Boston Celtics,93,Cleveland Cavaliers,92
03/27/13,Sacramento Kings,105,Golden State Warriors,98
03/27/13,Indiana Pacers,100,Houston Rockets,91
03/27/13,Los Angeles Lakers,120,Minnesota Timberwolves,117
03/27/13,Los Angeles Clippers,105,New Orleans Hornets,91
03/27/13,Memphis Grizzlies,101,New York Knicks,108
03/27/13,Washington Wizards,80,Oklahoma City Thunder,103
03/27/13,Milwaukee Bucks,92,Philadelphia 76ers,100
03/27/13,Brooklyn Nets,111,Portland Trail Blazers,93
03/27/13,Denver Nuggets,99,San Antonio Spurs,100
03/27/13,Atlanta Hawks,107,Toronto Raptors,88
03/27/13,Phoenix Suns,88,Utah Jazz,103
03/28/13,Indiana Pacers,103,Dallas Mavericks,78
03/28/13,Los Angeles Lakers,103,Milwaukee Bucks,113
03/28/13,Sacramento Kings,117,Phoenix Suns,103
03/29/13,Atlanta Hawks,107,Boston Celtics,118
03/29/13,Philadelphia 76ers,97,Cleveland Cavaliers,87
03/29/13,Brooklyn Nets,87,Denver Nuggets,109
03/29/13,Toronto Raptors,99,Detroit Pistons,82
03/29/13,Houston Rockets,94,Memphis Grizzlies,103
03/29/13,Oklahoma City Thunder,93,Minnesota Timberwolves,101
03/29/13,Miami Heat,108,New Orleans Hornets,89
03/29/13,Charlotte Bobcats,102,New York Knicks,111
03/29/13,Washington Wizards,92,Orlando Magic,97
03/29/13,Utah Jazz,105,Portland Trail Blazers,95
03/29/13,Los Angeles Clippers,102,San Antonio Spurs,104
03/30/13,Orlando Magic,88,Atlanta Hawks,97
03/30/13,Chicago Bulls,98,Dallas Mavericks,100
03/30/13,Portland Trail Blazers,98,Golden State Warriors,125
03/30/13,Los Angeles Clippers,81,Houston Rockets,98
03/30/13,Oklahoma City Thunder,109,Milwaukee Bucks,99
03/30/13,Memphis Grizzlies,99,Minnesota Timberwolves,86
03/30/13,Charlotte Bobcats,92,Philadelphia 76ers,100
03/30/13,Indiana Pacers,112,Phoenix Suns,104
03/30/13,Los Angeles Lakers,103,Sacramento Kings,98
03/30/13,Brooklyn Nets,107,Utah Jazz,116
03/31/13,Detroit Pistons,94,Chicago Bulls,95
03/31/13,Cleveland Cavaliers,92,New Orleans Hornets,112
03/31/13,Boston Celtics,89,New York Knicks,108
03/31/13,Miami Heat,88,San Antonio Spurs,86
03/31/13,Toronto Raptors,92,Washington Wizards,109
04/01/13,Cleveland Cavaliers,94,Atlanta Hawks,102
04/01/13,Orlando Magic,103,Houston Rockets,111
04/01/13,Indiana Pacers,109,Los Angeles Clippers,106
04/01/13,San Antonio Spurs,90,Memphis Grizzlies,92
04/01/13,Charlotte Bobcats,102,Milwaukee Bucks,131
04/01/13,Boston Celtics,100,Minnesota Timberwolves,110
04/01/13,Detroit Pistons,108,Toronto Raptors,98
04/01/13,Portland Trail Blazers,102,Utah Jazz,112
04/02/13,Dallas Mavericks,81,Los Angeles Lakers,101
04/02/13,New York Knicks,102,Miami Heat,90
04/02/13,Chicago Bulls,86,Washington Wizards,90
04/03/13,New York Knicks,95,Atlanta Hawks,82
04/03/13,Detroit Pistons,93,Boston Celtics,98
04/03/13,Philadelphia 76ers,83,Charlotte Bobcats,88
04/03/13,Brooklyn Nets,113,Cleveland Cavaliers,95
04/03/13,New Orleans Hornets,88,Golden State Warriors,98
04/03/13,Phoenix Suns,101,Los Angeles Clippers,126
04/03/13,Minnesota Timberwolves,107,Milwaukee Bucks,98
04/03/13,Memphis Grizzlies,94,Portland Trail Blazers,76
04/03/13,Houston Rockets,112,Sacramento Kings,102
04/03/13,Orlando Magic,84,San Antonio Spurs,98
04/03/13,Washington Wizards,78,Toronto Raptors,88
04/03/13,Denver Nuggets,113,Utah Jazz,96
04/04/13,Chicago Bulls,92,Brooklyn Nets,90
04/04/13,Dallas Mavericks,94,Denver Nuggets,95
04/04/13,San Antonio Spurs,88,Oklahoma City Thunder,100
04/05/13,Philadelphia 76ers,101,Atlanta Hawks,90
04/05/13,Cleveland Cavaliers,97,Boston Celtics,91
04/05/13,Miami Heat,89,Charlotte Bobcats,79
04/05/13,Orlando Magic,86,Chicago Bulls,87
04/05/13,Oklahoma City Thunder,97,Indiana Pacers,75
04/05/13,Memphis Grizzlies,84,Los Angeles Lakers,86
04/05/13,Toronto Raptors,95,Minnesota Timberwolves,93
04/05/13,Milwaukee Bucks,83,New York Knicks,101
04/05/13,Golden State Warriors,111,Phoenix Suns,107
04/05/13,Houston Rockets,116,Portland Trail Blazers,98
04/05/13,Dallas Mavericks,117,Sacramento Kings,108
04/05/13,New Orleans Hornets,83,Utah Jazz,95
04/06/13,Charlotte Bobcats,96,Brooklyn Nets,105
04/06/13,Houston Rockets,114,Denver Nuggets,132
04/06/13,Philadelphia 76ers,87,Miami Heat,106
04/06/13,Toronto Raptors,83,Milwaukee Bucks,100
04/06/13,Detroit Pistons,101,Minnesota Timberwolves,107
04/06/13,Atlanta Hawks,97,San Antonio Spurs,99
04/06/13,Indiana Pacers,85,Washington Wizards,104
04/07/13,Washington Wizards,96,Boston Celtics,107
04/07/13,Orlando Magic,85,Cleveland Cavaliers,91
04/07/13,Chicago Bulls,85,Detroit Pistons,99
04/07/13,Utah Jazz,97,Golden State Warriors,90
04/07/13,Los Angeles Lakers,95,Los Angeles Clippers,109
04/07/13,New York Knicks,125,Oklahoma City Thunder,120
04/07/13,New Orleans Hornets,95,Phoenix Suns,92
04/07/13,Dallas Mavericks,96,Portland Trail Blazers,91
04/07/13,Memphis Grizzlies,89,Sacramento Kings,87
04/09/13,Philadelphia 76ers,83,Brooklyn Nets,104
04/09/13,Toronto Raptors,101,Chicago Bulls,98
04/09/13,Minnesota Timberwolves,89,Golden State Warriors,105
04/09/13,Phoenix Suns,98,Houston Rockets,101
04/09/13,Cleveland Cavaliers,94,Indiana Pacers,99
04/09/13,New Orleans Hornets,96,Los Angeles Lakers,104
04/09/13,Charlotte Bobcats,75,Memphis Grizzlies,94
04/09/13,Milwaukee Bucks,83,Miami Heat,94
04/09/13,Washington Wizards,99,New York Knicks,120
04/09/13,Oklahoma City Thunder,90,Utah Jazz,80
04/10/13,Brooklyn Nets,101,Boston Celtics,93
04/10/13,Detroit Pistons,111,Cleveland Cavaliers,104
04/10/13,Phoenix Suns,102,Dallas Mavericks,91
04/10/13,San Antonio Spurs,86,Denver Nuggets,96
04/10/13,Minnesota Timberwolves,95,Los Angeles Clippers,111
04/10/13,Milwaukee Bucks,103,Orlando Magic,113
04/10/13,Atlanta Hawks,124,Philadelphia 76ers,101
04/10/13,Los Angeles Lakers,113,Portland Trail Blazers,106
04/10/13,New Orleans Hornets,110,Sacramento Kings,121
04/10/13,Miami Heat,103,Washington Wizards,98
04/11/13,New York Knicks,111,Chicago Bulls,118
04/11/13,Oklahoma City Thunder,116,Golden State Warriors,97
04/12/13,Milwaukee Bucks,104,Atlanta Hawks,109
04/12/13,New York Knicks,101,Cleveland Cavaliers,91
04/12/13,Denver Nuggets,105,Dallas Mavericks,108
04/12/13,Charlotte Bobcats,93,Detroit Pistons,113
04/12/13,Memphis Grizzlies,82,Houston Rockets,78
04/12/13,Brooklyn Nets,117,Indiana Pacers,109
04/12/13,Golden State Warriors,116,Los Angeles Lakers,118
04/12/13,Boston Celtics,101,Miami Heat,109
04/12/13,Los Angeles Clippers,96,New Orleans Hornets,93
04/12/13,Oklahoma City Thunder,106,Portland Trail Blazers,90
04/12/13,Sacramento Kings,101,San Antonio Spurs,108
04/12/13,Chicago Bulls,88,Toronto Raptors,97
04/12/13,Minnesota Timberwolves,100,Utah Jazz,107
04/12/13,Philadelphia 76ers,97,Washington Wizards,86
04/13/13,Milwaukee Bucks,85,Charlotte Bobcats,95
04/13/13,Los Angeles Clippers,91,Memphis Grizzlies,87
04/13/13,Phoenix Suns,93,Minnesota Timberwolves,105
04/13/13,Boston Celtics,120,Orlando Magic,88
04/14/13,Portland Trail Blazers,109,Denver Nuggets,118
04/14/13,Sacramento Kings,100,Houston Rockets,121
04/14/13,San Antonio Spurs,86,Los Angeles Lakers,91
04/14/13,Chicago Bulls,93,Miami Heat,105
04/14/13,Dallas Mavericks,107,New Orleans Hornets,89
04/14/13,Indiana Pacers,80,New York Knicks,90
04/14/13,Cleveland Cavaliers,77,Philadelphia 76ers,91
04/14/13,Brooklyn Nets,87,Toronto Raptors,93
04/15/13,Washington Wizards,101,Brooklyn Nets,106
04/15/13,New York Knicks,95,Charlotte Bobcats,106
04/15/13,Miami Heat,96,Cleveland Cavaliers,95
04/15/13,Memphis Grizzlies,103,Dallas Mavericks,97
04/15/13,Philadelphia 76ers,101,Detroit Pistons,109
04/15/13,San Antonio Spurs,106,Golden State Warriors,116
04/15/13,Denver Nuggets,112,Milwaukee Bucks,111
04/15/13,Utah Jazz,96,Minnesota Timberwolves,80
04/15/13,Sacramento Kings,95,Oklahoma City Thunder,104
04/15/13,Chicago Bulls,102,Orlando Magic,84
04/15/13,Houston Rockets,112,Phoenix Suns,119
04/16/13,Toronto Raptors,113,Atlanta Hawks,96
04/16/13,Portland Trail Blazers,77,Los Angeles Clippers,93
04/17/13,Detroit Pistons,99,Brooklyn Nets,103
04/17/13,Cleveland Cavaliers,98,Charlotte Bobcats,105
04/17/13,Washington Wizards,92,Chicago Bulls,95
04/17/13,New Orleans Hornets,87,Dallas Mavericks,99
04/17/13,Phoenix Suns,98,Denver Nuggets,118
04/17/13,Philadelphia 76ers,105,Indiana Pacers,95
04/17/13,Houston Rockets,95,Los Angeles Lakers,99
04/17/13,Utah Jazz,70,Memphis Grizzlies,86
04/17/13,Orlando Magic,93,Miami Heat,105
04/17/13,Atlanta Hawks,92,New York Knicks,98
04/17/13,Milwaukee Bucks,95,Oklahoma City Thunder,89
04/17/13,Golden State Warriors,99,Portland Trail Blazers,88
04/17/13,Los Angeles Clippers,112,Sacramento Kings,108
04/17/13,Minnesota Timberwolves,108,San Antonio Spurs,95
04/17/13,Boston Celtics,90,Toronto Raptors,114
04/20/13,Chicago Bulls,89,Brooklyn Nets,106
04/20/13,Golden State Warriors,95,Denver Nuggets,97
04/20/13,Memphis Grizzlies,91,Los Angeles Clippers,112
04/20/13,Boston Celtics,78,New York Knicks,85
04/21/13,Atlanta Hawks,90,Indiana Pacers,107
04/21/13,Milwaukee Bucks,87,Miami Heat,110
04/21/13,Houston Rockets,91,Oklahoma City Thunder,120
04/21/13,Los Angeles Lakers,79,San Antonio Spurs,91
04/22/13,Chicago Bulls,90,Brooklyn Nets,82
04/22/13,Memphis Grizzlies,91,Los Angeles Clippers,93
04/23/13,Golden State Warriors,131,Denver Nuggets,117
04/23/13,Milwaukee Bucks,86,Miami Heat,98
04/23/13,Boston Celtics,71,New York Knicks,87
04/24/13,Atlanta Hawks,98,Indiana Pacers,113
04/24/13,Houston Rockets,102,Oklahoma City Thunder,105
04/24/13,Los Angeles Lakers,91,San Antonio Spurs,102
04/25/13,Brooklyn Nets,76,Chicago Bulls,79
04/25/13,Los Angeles Clippers,82,Memphis Grizzlies,94
04/25/13,Miami Heat,104,Milwaukee Bucks,91
04/26/13,New York Knicks,90,Boston Celtics,76
04/26/13,Denver Nuggets,108,Golden State Warriors,110
04/26/13,San Antonio Spurs,120,Los Angeles Lakers,89
04/27/13,Indiana Pacers,69,Atlanta Hawks,90
04/27/13,Brooklyn Nets,134,Chicago Bulls,142
04/27/13,Oklahoma City Thunder,104,Houston Rockets,101
04/27/13,Los Angeles Clippers,83,Memphis Grizzlies,104
04/28/13,New York Knicks,90,Boston Celtics,97
04/28/13,Denver Nuggets,101,Golden State Warriors,115
04/28/13,San Antonio Spurs,103,Los Angeles Lakers,82
04/28/13,Miami Heat,88,Milwaukee Bucks,77
04/29/13,Indiana Pacers,91,Atlanta Hawks,102
04/29/13,Chicago Bulls,91,Brooklyn Nets,110
04/29/13,Oklahoma City Thunder,103,Houston Rockets,105
04/30/13,Golden State Warriors,100,Denver Nuggets,107
04/30/13,Memphis Grizzlies,103,Los Angeles Clippers,93
05/01/13,Atlanta Hawks,83,Indiana Pacers,106
05/01/13,Boston Celtics,92,New York Knicks,86
05/01/13,Houston Rockets,107,Oklahoma City Thunder,100
05/02/13,Brooklyn Nets,95,Chicago Bulls,92
05/02/13,Denver Nuggets,88,Golden State Warriors,92
05/03/13,Indiana Pacers,81,Atlanta Hawks,73
05/03/13,New York Knicks,88,Boston Celtics,80
05/03/13,Oklahoma City Thunder,103,Houston Rockets,94
05/03/13,Los Angeles Clippers,105,Memphis Grizzlies,118
05/04/13,Chicago Bulls,99,Brooklyn Nets,93
05/05/13,Indiana Pacers,102,New York Knicks,95
05/05/13,Memphis Grizzlies,91,Oklahoma City Thunder,93
05/06/13,Chicago Bulls,93,Miami Heat,86
05/06/13,Golden State Warriors,127,San Antonio Spurs,129
05/07/13,Indiana Pacers,79,New York Knicks,105
05/07/13,Memphis Grizzlies,99,Oklahoma City Thunder,93
05/08/13,Chicago Bulls,78,Miami Heat,115
05/08/13,Golden State Warriors,100,San Antonio Spurs,91
05/10/13,Miami Heat,104,Chicago Bulls,94
05/10/13,San Antonio Spurs,102,Golden State Warriors,92
05/11/13,New York Knicks,71,Indiana Pacers,82
05/11/13,Oklahoma City Thunder,81,Memphis Grizzlies,87
05/12/13,San Antonio Spurs,87,Golden State Warriors,97
05/13/13,Miami Heat,88,Chicago Bulls,65
05/13/13,Oklahoma City Thunder,97,Memphis Grizzlies,103
05/14/13,New York Knicks,82,Indiana Pacers,93
05/14/13,Golden State Warriors,91,San Antonio Spurs,109
05/15/13,Chicago Bulls,91,Miami Heat,94
05/15/13,Memphis Grizzlies,88,Oklahoma City Thunder,84
05/16/13,San Antonio Spurs,94,Golden State Warriors,82
05/16/13,Indiana Pacers,75,New York Knicks,85
05/18/13,New York Knicks,99,Indiana Pacers,106
05/19/13,Memphis Grizzlies,83,San Antonio Spurs,105
05/21/13,Memphis Grizzlies,89,San Antonio Spurs,93
05/22/13,Indiana Pacers,102,Miami Heat,103
05/24/13,Indiana Pacers,97,Miami Heat,93
05/25/13,San Antonio Spurs,104,Memphis Grizzlies,93
05/26/13,Miami Heat,114,Indiana Pacers,96
05/27/13,San Antonio Spurs,93,Memphis Grizzlies,86
05/28/13,Miami Heat,92,Indiana Pacers,99
05/30/13,Indiana Pacers,79,Miami Heat,90
06/01/13,Miami Heat,77,Indiana Pacers,91
06/03/13,Indiana Pacers,76,Miami Heat,99
06/06/13,San Antonio Spurs,92,Miami Heat,88
06/09/13,San Antonio Spurs,84,Miami Heat,103
06/11/13,Miami Heat,77,San Antonio Spurs,113
06/13/13,Miami Heat,109,San Antonio Spurs,93
06/16/13,Miami Heat,104,San Antonio Spurs,114
06/18/13,San Antonio Spurs,100,Miami Heat,103
06/20/13,San Antonio Spurs,88,Miami Heat,95
